Q85	Cairo
Q1515	Abidjan
Q644	Sharm el-Sheikh
Q3940	Victoria
Q7903	Casablanca
Q8673	Lagos
Q3935	Windhoek
Q5468	Durban
Q5832	Axum
Q3909	Maseru
Q3932	São Tomé
Q4301	Arusha
Q3929	Port Louis
Q3921	Harare
Q16869	Constantinople
Q23725	Byzantium
Q18780	Likasi
Q24149	Arabsiyo
Q9427	Timbuktu
Q3761	Accra
Q3751	Praia
Q3799	Porto-Novo
Q3825	Libreville
Q3838	Kinshasa
Q3881	Lusaka
Q3780	Freetown
Q3604	Djibouti
Q3889	Maputo
Q3832	Bangui
Q3561	Algiers
Q3748	Monrovia
Q3688	Nouakchott
Q1963	Khartoum
Q3551	Rabat
Q3901	Moroni
Q3642	Asmara
Q3579	Tripoli
Q3897	Luanda
Q3818	Malabo
Q3876	Lilongwe
Q3894	Kampala
Q1947	Juba
Q1960	Dar es Salaam
Q3726	Banjul
Q3674	Niamey
Q3787	Abuja
Q3703	Bamako
Q3844	Brazzaville
Q3808	Yaoundé
Q3659	N'Djamena
Q3739	Bissau
Q3733	Conakry
Q3854	Bujumbura
Q3792	Lomé
Q30970	Jamestown
Q34647	Johannesburg
Q29962	Asyut
Q35784	Al Bayda
Q36219	Brega
Q29888	Aswan
Q31350	Shibin Al Kawm, Al Minufiyah
Q101625	Marrakesh
Q80985	Fez
Q81788	Giza
Q72571	Shoshong
Q101418	Lobamba
Q105344	Etoumbi
Q63233	Nasser
Q110218	Mwanza
Q126308	El Bayyada
Q131818	Oran
Q126148	Tangier
Q131323	Misrata
Q125434	Port Elizabeth
Q134086	Al Jawf
Q130514	Luxor
Q115323	Sumbawanga
Q132409	Nalut
Q109949	Matola
Q123160	Nanyuki
Q130238	Cap Malheureux
Q427646	Marj
Q137721	Naucratis
Q170313	Mbombela
Q170525	Agadir
Q170715	Kasane
Q170711	Palapye
Q170725	Molepolole
Q170714	Ramotswa
Q170755	Mathangwane
Q170730	Kanye
Q171101	Lecheng
Q170663	Shakawe
Q170732	Maun
Q170698	Tutume
Q170724	Mahalapye
Q178663	Meknes
Q170816	Maitengwe
Q170642	Hukuntsi
Q170668	Gumare
Q170660	Moshupa
Q170717	Mogoditshane
Q175596	Ayoun el Atrous
Q170872	Good Hope, Botswana
Q171032	Mabeleapudi
Q178067	Toamasina
Q170727	Tshabong
Q38870	Kopong
Q42678	Makeni
Q38855	Gabane
Q40816	Benghazi
Q37701	Bloemfontein
Q38902	Thamaga
Q41339	El Agheila
Q134509	Port Said
Q153331	Singida
Q155530	Miarinarivo
Q146723	Kisangani
Q141687	Bardia
Q152902	Tanga
Q147975	Zaria
Q138833	Kom Ombo
Q141263	Selebi-Phikwe
Q144416	Zaio
Q136818	Buzema
Q139773	Abu Qir
Q140304	Zagazig
Q320792	Bata
Q312723	El-Mahalla El-Kubra
Q328153	Damanhur
Q336661	Qena
Q321079	Jos
Q333476	Ségou
Q335548	Mbeya
Q335716	Abu Kabir
Q312209	Buea
Q320704	Benin City
Q328176	Kafr el-Sheikh
Q337123	Mit Ghamr
Q337530	Sarh
Q322149	Eldoret
Q332319	Mek'ele
Q335708	6th of October City
Q335769	Kafr el-Dawwar
Q336724	Qalyub
Q336350	Sokoto
Q318299	Xai-Xai
Q336966	Banha
Q337751	Nehardea
Q338844	Batna
Q319660	Mbuji-Mayi
Q322917	Abong-Mbang
Q323801	Nampula
Q331099	Island of Mozambique
Q312759	Biskra
Q318306	Quelimane
Q333074	Moundou
Q340572	Akhmim
Q59975	Bejaïa
Q45942	Annaba
Q47837	Laayoune
Q58462	Ra's Lanuf
Q59698	Swakopmund
Q167301	Letlhakane
Q168824	Kandé
Q160884	Keetmanshoop
Q159325	Lüderitz
Q165422	Francistown
Q166838	Zavala
Q166513	Bolgatanga
Q167551	Gitega
Q165768	Lobatse
Q165988	Bobonong
Q168652	Hargeisa
Q157915	Garoua
Q180084	Ife
Q818765	Shinyanga
Q833866	Gbadolite
Q844878	Bo
Q847677	Kaolack
Q842810	Smara
Q824043	Toliara
Q817269	Beni
Q844423	Teyateyaneng
Q818824	Maroua
Q848403	Ilebo
Q822679	Garoowe
Q829886	Lindi
Q820972	Tadjoura
Q824594	Nador
Q841557	Ongwediva
Q819314	Limbe
Q842806	Guelmim
Q818019	Settat
Q830631	Gisenyi
Q844091	Calabar
Q834189	Komki-Ipala
Q842200	Sébikotane
Q821321	Dongola
Q819123	Kolmanskop
Q849524	Mostaganem
Q845717	Garissa
Q842854	Ali Sabieh
Q844417	Stone Town
Q847315	Musoma
Q849561	Chlef
Q845097	Sokodé
Q584001	Redcliff
Q587085	Ilorin
Q586498	Kédougou
Q1378794	Al-Mada'in
Q583619	Owerri
Q1002006	Buffalo City Metropolitan Municipality
Q1094207	City of Tshwane Metropolitan Municipality
Q311544	eThekwini
Q326891	Ekurhuleni Metropolitan Municipality
Q1159185	Mangaung Metropolitan Municipality
Q1856565	Nelson Mandela Bay Metropolitan Municipality
Q2346838	City of Johannesburg Metropolitan Municipality
Q1185115	City of Cape Town
Q187346	Constantine
Q183298	Ibadan
Q187284	Hurghada
Q186362	Embu
Q189392	Karnak
Q183405	Safi
Q189685	Abomey
Q188693	Blantyre
Q182092	Tobruk
Q182984	Kano
Q187593	Lubumbashi
Q188894	Kütahya
Q180921	Omdurman
Q182059	Kumasi
Q185134	Tlemcen
Q184184	Nouadhibou
Q184459	Zeghanghane
Q189383	Damietta
Q185157	Tétouan
Q186056	Kenge, Bandundu
Q190184	Harar Jugol
Q851576	Nyala
Q852276	Sidi Bel Abbès
Q852238	Onitsha
Q600883	Temsia
Q602426	Ouazzane
Q605167	Potchefstroom
Q613246	Barawa
Q597189	Ras Ajdir
Q610600	Queenstown
Q598667	Bria
Q615006	Ho
Q608073	Dagana, Senegal
Q613913	Al Aaroui
Q616404	Quinhámel
Q599897	Boujdour
Q601142	Masvingo
Q593435	Mbaïki
Q614754	Bir Lehlou
Q613791	Nakonde
Q593652	Borj Cédria
Q600893	Kasama, Zambia
Q345204	Dakhla
Q356811	Adi Keyh
Q374795	Bédy-Goazon
Q357101	Adigrat
Q371532	Lisala
Q356816	Adi Quala
Q359955	Ado Ekiti
Q634063	Dusmareb
Q635045	Ondjiva
Q638509	Chimoio
Q617032	Kibuye
Q617618	Apapa
Q618060	Bafilo
Q632361	Sidi Ifni
Q634698	Kenema
Q639467	Tsumeb
Q646684	Mtwara
Q647417	Mohammedia
Q623298	Pujehun
Q643112	Tabora
Q620625	Dikhil
Q644799	Mongu
Q636209	Mufulira
Q626031	Esna
Q627885	Ouésso
Q639674	Banfora
Q641130	Triolet, Mauritius
Q1171924	Dascylium
Q1268859	Eion
Q1788306	Tocra
Q852515	Touggourt
Q863461	Bimbo
Q860179	Obock
Q891241	Bol
Q871209	Solwezi
Q867592	Taba
Q859319	Ghanzi
Q852469	Ouargla
Q867603	El-Tor
Q856151	Chipata
Q857577	Nkamba
Q854109	Luanshya
Q868203	Osogbo
Q859708	Orapa
Q876166	Mariental
Q852528	Wad Madani
Q863795	Bingerville
Q855634	Serowe
Q864100	Katima Mulilo
Q862611	Boké Region
Q863727	Bindura
Q865586	Galkayo
Q867102	Gharyan
Q3870	Nairobi
Q3859	Kigali
Q3718	Dakar
Q3777	Ouagadougou
Q3915	Antananarivo
Q383170	Manica
Q388108	Sohag
Q391599	Mpanda
Q377696	Kahone
Q382249	Butha-Buthe
Q388242	Tete
Q381560	Kadoma
Q391747	Byumba
Q385341	Jimma
Q654259	Bukoba
Q664550	Maradi
Q685330	Diofior
Q667828	Baham
Q666165	Augusta Treverorum
Q671704	Sédhiou
Q679056	Hermonthis
Q676778	Chefchaouen
Q673185	Batouri
Q667652	Kinkala
Q668180	Muhanga
Q674175	Kambove
Q677935	Veii
Q658168	Bousso
Q657428	Merca
Q653808	Bardaï, Chad
Q657072	Touba
Q667650	Lichinga
Q657734	Bertoua
Q658893	Ciudad romana de Itálica
Q191687	Heliopolis
Q195492	Kibaha
Q193802	Oujda
Q191718	Berbera
Q193250	Bulawayo
Q192918	Sabratha
Q193486	Dire Dawa
Q893274	Bor
Q930789	Kabala
Q894513	Bossangoa
Q924793	Machinda
Q892886	Bonthe
Q895029	Boujad
Q911358	Ebebiyín
Q929689	Ngozi
Q892441	Bongor
Q893092	Borama
Q899873	Isiro
Q910973	Diourbel
Q896185	Bozoum
Q913292	Moyamba
Q923687	Uvira
Q892276	Bondoukou
Q918461	Nkurenkuru
Q132830	Douala
Q693093	Machakos
Q732759	Ghinda
Q729978	Mediolanum
Q700050	Rehoboth
Q730791	Wajir
Q686813	Kassala
Q705884	Arta, Djibouti
Q691016	Mutsamudu
Q722827	Sikasso
Q732801	Kalemie
Q722522	Bouïra
Q697662	Kousséri
Q693554	Gandajika
Q730806	Bongoville
Q934149	Meru
Q936316	Tan-Tan
Q937487	Katsina
Q935454	Qift
Q948448	Burao
Q952118	Talkha
Q938589	Blitta
Q946097	Ikere-Ekiti
Q952665	Séguéla
Q951268	Menouf
Q951324	Beni Mazar
Q950924	Samalut
Q934436	Dédougou
Q217432	Port Harcourt
Q205327	Kananga
Q225641	Mombasa
Q269960	Shubra El-Kheima
Q202162	Aba
Q5121128	Cinyps, Libya
Q202776	Ziguinchor
Q203301	Umuahia
Q201342	Niamtougou
Q203299	Faiyum
Q207322	Huambo
Q211073	Matadi
Q204381	Goma
Q208318	Kaduna
Q208718	Port Sudan
Q204365	Zinder
Q209537	East London
Q204439	El Alamein
Q206484	Abeokuta
Q211070	Mbandaka
Q205792	Tamanrasset
Q209393	Ghat
Q207259	Zliten
Q500366	Ogbomosho
Q394080	Beni Suef
Q395433	Agordat
Q399083	Kwekwe
Q395201	Agogo
Q393495	Bilbeis
Q393498	Mallawi
Q415943	Akarassos
Q418402	Akim Oda
Q426891	Kakata
Q395863	Desouk
Q399316	Gweru
Q430470	Fatick
Q425646	Figuig
Q393829	Mersa Matruh
Q423831	Akure
Q412703	Ajdir
Q399322	Mutare
Q755791	Ati
Q740687	Guéckédougou
Q743282	Napata
Q761408	Springs
Q736905	Buta
Q744673	Gode
Q745871	Goba
Q755765	Awasa
Q735645	Atar
Q740236	Asella
Q755763	Jijiga
Q745906	Ngaoundéré
Q753906	Atbarah
Q739308	Sibiti
Q755752	Dessie
Q740499	Bishoftu
Q754592	Atfih
Q735609	Iringa
Q740865	Wadi Halfa
Q749187	Girga
Q999498	Manga
Q997069	Mansa
Q995413	Kpalimé
Q997121	Kribi
Q997047	Kumba
Q995707	Lodwar
Q1001897	San Antonio de Palé
Q997402	Buba
Q995172	Idenau
Q995249	Tukuyu
Q997314	Bu'ale
Q999070	Nkongsamba
Q996730	Kericho
Q998813	Narok
Q1001887	Ifrane
Q996851	Bungoma
Q1000609	Gobabis
Q218954	Vohemar
Q219583	El Jadida
Q219671	Ndola
Q219117	Zomba
Q211563	Beira
Q218861	Gondar
Q217040	Tamale
Q217426	Soweto
Q211970	Entebbe
Q221436	Maiduguri
Q220843	Walvis Bay
Q221914	Moçâmedes
Q223587	Mansoura
Q216902	Kabwe
Q223761	Bobo Dioulasso
Q214485	Kisumu
Q216939	Essaouira
Q214248	Benguela
Q216990	Blida
Q214347	Kilkis
Q217156	Ismailia
Q220049	Malakal
Q762727	Taroudant
Q770184	Quartier-Militaire
Q770447	Tissemsilt
Q771345	Helwan
Q765823	Augusta Vindelicorum
Q780534	Sumbe
Q782743	Chinhoyi
Q764968	Massenya
Q768591	Oussouye
Q770518	Boumerdès
Q770653	El Taref
Q774264	Eenhana
Q777028	Thaba-Tseka
Q763595	Ilesa
Q977149	Bonga
Q980895	Mbini
Q969880	Mwene-Ditu
Q959859	Naqada
Q977305	Tambacounda
Q974354	Chinandega
Q984575	Tébessa
Q966350	Lqliâa
Q969144	Nakfa, Eritrea
Q965360	Mbacké
Q956745	Caxito
Q1002580	Koidutown-Sefadu
Q1273644	Pikine
Q239421	Nakuru
Q246069	Rutana
Q243699	Rosetta
Q223920	Pointe-Noire
Q229677	Zumbo
Q223917	Boma
Q223914	Lobito
Q246139	Rwamagana
Q246145	Ruhengeri
Q231167	Zuwara
Q243319	Morogoro
Q244509	Kigoma
Q244230	Bani Walid
Q238452	Arish
Q239107	Edfu
Q244004	Sétif
Q227072	Zouérat
Q246554	Dolisie
Q249480	Herakleopolis Magna
Q239580	Kitwe
Q242587	Abéché
Q794813	Songea
Q782857	Cyangugu
Q791766	Awka
Q792509	Axim
Q791685	Aweil, South Sudan
Q454756	Amara, Nubia
Q459360	Cabinda
Q431533	Chingola
Q451850	Musumba
Q456642	Ambanja
Q459369	Franceville
Q456577	Inhambane
Q451589	Pakwach
Q451529	Am Timan
Q460697	Koudougou
Q464699	Bahir Dar
Q465022	Enugu
Q985618	Doba
Q985622	Oshakati
Q986336	Grootfontein
Q985548	Luba
Q987235	Gimbi
Q985627	Korhogo
Q985562	Fada
Q985803	N'dalatando
Q985614	Koulamoutou
Q986325	Safaga
Q87	Alexandria
Q484581	Analalava
Q495547	Mindelo
Q501715	Port-Gentil
Q501709	Jinja
Q488030	Lumbo
Q498048	Pemba
Q502216	Mzuzu
Q495730	Manzini
Q500111	Arua
Q500189	M'banza-Kongo
Q500560	Aflou
Q489776	Porto Inglês
Q490573	Assomada
Q491829	Qacha's Nek
Q478207	Kenitra
Q498968	Espargos
Q501656	Sal Rei
Q489569	Mutoko
Q490579	Pedra Badejo
Q804654	Balat
Q797756	Baboua
Q806082	Banana
Q806478	Bangassou
Q805946	Bambari
Q799794	Bafoulabé
Q806552	Bangula
Q799790	Bafia
Q810474	Bassar
Q804289	Bakel
Q811144	Bauchi
Q814922	Beitbridge
Q815370	Beledweyne
Q799788	Bafatá
Q808100	Barentu, Eritrea
Q797499	Bardhere
Q799808	Bafoussam
Q804607	Balaka Township
Q816364	Bembla
Q1007719	Kisii
Q1009161	Homa Bay
Q1004822	Bumba
Q1006137	Lodja
Q1002900	Edéa
Q1005584	Omuthiya
Q1004716	Ras el Ma
Q1009308	Sefrou
Q1009179	Moyale
Q1002807	Cacheu
Q1002823	Fomboni
Q1003328	Karasburg
Q1003318	Quthing
Q1006116	Gemena
Q1007647	Naivasha
Q1009199	Kilifi
Q273779	Saint-Louis
Q255008	Mfuwe
Q276746	Babati
Q269222	Buchanan
Q271771	Tanta
Q261887	Kikwit
Q250733	Wa
Q251181	Adrar
Q271404	Kolwezi
Q272978	Çüngüş
Q271733	Moshi
Q270754	Nag Hammadi
Q277966	Tshikapa
Q270225	Kindu
Q251929	Bunagana, Democratic Republic of the Congo
Q275635	Massawa
Q270787	Kismayo
Q3572	Tunis
Q3624	Addis Ababa
Q2449	Mogadishu
Q1013965	Otavi
Q1015069	Dilolo
Q1009549	Gabela
Q1011890	Kolda
Q1011669	Kélo
Q1015891	Gabú
Q1010823	Ezbet El Borg
Q1015727	Mbale
Q1011972	Chibuto
Q1013389	Henties Bay
Q1009336	Debundscha
Q1010287	Kuajok
Q1013946	Ruacana
Q1014380	Djanet
Q1013379	Mafeteng
Q1013428	Mokhotlong
Q1010278	Torit
Q1014390	Vélingara
Q1011488	Nuweiba
Q305542	Abaradira
Q311199	Al Qadarif
Q310117	Minya
Q280243	Louga
Q291912	Sidra
Q310751	Al-Qusayr
Q286563	Bignona
Q302912	Kakamega
Q310844	Cusae
Q280853	Selouane
Q289267	Dschang
Q310114	Khartoum North
Q287731	El-Tod
Q309475	Al-Ubayyid
Q1642670	Tarhuna
Q1635802	Trindade
Q1588797	Bouaflé
Q1587131	Soubré
Q1635606	Temara
Q1588249	Dabou
Q1627466	Bir Salah
Q1635196	Port Loko
Q1642636	El Oued, Algeria
Q993721	Germiston
Q994105	Minna
Q994114	Yola
Q990115	Khenifra
Q993076	Hlotse
Q990122	Fada N'gourma
Q993149	Otjiwarongo
Q992154	Grand Baie
Q992247	Bururi
Q993200	Chililabombwe
Q993322	Luchenza
Q991408	Turmi
Q506811	Odienné
Q521702	Carnot
Q516416	Kasanga
Q526539	Mongomo
Q545707	Mascara
Q509739	Butare
Q520687	Mocuba
Q522912	Nola, Central African Republic
Q526169	Ujiji
Q528432	Bamenda
Q548805	El Hiba
Q516769	Faya-Largeau
Q521322	Aboisso
Q539154	Beilul
Q523618	Edd
Q523657	Yagoua
Q520600	Banyo, Cameroon
Q526822	Murzuk
Q532102	Asosa
Q540895	Mongo, Chad
Q541656	Angoche
Q544701	Berbérati
Q518785	Butembo
Q512111	Bouar
Q523000	Kitale
Q528679	Nyanza, Rwanda
Q534409	Keren, Eritrea
Q544733	Bordj Bou Arréridj
Q506578	Baidoa
Q525118	Maxixe
Q526568	Tôlanaro
Q537462	Beni Ansar
Q1017183	Erigavo
Q1019356	Mendefera
Q1017160	Hudur
Q1019429	Podor
Q1018592	Porto Amboim
Q1019424	Rufisque
Q1019991	Marondera
Q1017008	Hohoe
Q1019060	Eyl
Q1016732	Konongo
Q1017167	Garbahaareey
Q1017895	Butere
Q1018215	Yafran
Q1017205	Hafun
Q1018116	Ruyigi
Q1019431	M'Bour
Q1020292	Isiolo
Q1018574	Aného
Q1020110	Mumias
Q1939876	Nsanje
Q1890257	Mangochi
Q1888230	Mamfe
Q1951627	Mubi
Q1896161	Omaruru
Q1876685	Nouaceur
Q1892829	Beda Fomm
Q1938572	Mahmoudiyah, Egypt
Q1907375	Massaguet
Q1913957	Koani
Q1883766	Magburaka
Q1025799	Kariba
Q1025621	Mobaye
Q1022535	Rumphi
Q1023718	Wete
Q1024089	Opuwo
Q1022170	Chokwe
Q1022152	Chavuma
Q1022529	Chiradzulu
Q1023722	Damaturu
Q1022541	Chikwawa
Q1021903	Chivhu
Q1023703	Oyo
Q1022984	Farim
Q1021638	Port Mathurin
Q1020384	Labé
Q1020477	Dekemhare
Q1022523	Ekwendeni
Q1024653	Senafe
Q557397	Ankober
Q574469	Taza
Q556095	Manfalut
Q571215	Suakin
Q581142	el-Bahnasa
Q574593	Warri
Q581179	Kamina
Q583184	Antsirabe
Q572152	Bissorã
Q581379	Gulu
Q569904	Ouahigouya
Q557529	Muramvya
Q565568	Tiaret
Q1027174	Montepuez
Q1054191	Centre de Flacq
Q1057594	River Cess
Q1067464	Debarq
Q1046653	Khemisset
Q1074598	Chipoka
Q1081284	Kipushi
Q1027188	Gurúè
Q1043090	Borg El Arab
Q1087848	Abu Qurayn
Q1061665	Asaba
Q1067163	Tepi
Q1027828	Lomié
Q1074915	Chitipa
Q1067182	Beica
Q1067293	Arboye
Q1072210	Basyoun
Q1027843	Korogwe
Q1050352	Catandica
Q1044225	Abengourou
Q1070175	Koumra
Q1071771	Chibombo
Q2947580	Chagni
Q3011860	Daga Post
Q3026080	Diamniadio
Q3026301	Diaobé-Kabendou
Q3071111	Fianga
Q2981190	Meckhe
Q3013542	Dangila
Q3039131	Drargua
Q3012013	Dahra
Q3022078	Dembéni
Q3022456	Dengel Ber
Q3049894	Guittena
Q3075342	Fondanti
Q3099183	Oued Laou
Q3049730	El Aioun Sidi Mellouk
Q3100527	Koungheul
Q3079946	Foundiougne
Q3099245	Gatama
Q3104753	Ghafsai
Q3027745	Digelu
Q3036277	Dongou
Q3095100	Gandiaye
Q3090358	Nioro du Rip
Q3100518	Guinguinéo
Q2977263	Mweka
Q2988951	Idku
Q3033077	Djoum
Q3033674	Dodola, Ethiopia
Q3086891	Ikela
Q3104786	Gharrous
Q2023773	Ondangwa
Q1987664	Poli
Q1991249	Hun
Q1972938	Ruwa
Q2034978	Wum
Q2020432	Bubanza
Q1991268	Port Fuad
Q2033319	Oshikango
Q2015456	Offa
Q2017187	Okene
Q1969147	Nefasit
Q1975329	Phalombe
Q1970952	Ben Slimane
Q1982137	Médéa
Q2006546	Vilankulo
Q1971302	Madingou
Q1995276	Janzur
Q2006076	Muyinga
Q2029702	Nhlangano
Q1988320	Evinayong
Q2005262	Tibati
Q1980885	Errachidia
Q4622385	Geita
Q4890987	Beramba, Madagascar
Q4902946	Biba, Egypt
Q4418748	Sidi Bennour
Q4838013	Babri, Burkina Faso
Q4987159	Bukwa
Q5005068	Bétou
Q5017508	Caia, Mozambique
Q4843907	Baris
Q4459073	Thmuis
Q4624506	Bariadi
Q4703973	Al Hamool
Q4821345	Augustopolis in Palaestina
Q4998078	Buraan
Q4623904	Njombe Mjini
Q4907688	Bilene
Q1649287	Tsiroanomandidy
Q1689268	Jimeta
Q1673881	Iseyin
Q1667693	Makoua
Q1681204	Tumbura
Q1709128	Marsabit
Q1649570	Khenchela
Q1704346	Outjo
Q1668870	Qandala
Q1650017	Sidi Abdelaziz
Q1681898	Mkoani
Q1151582	Matam
Q1100812	Campo
Q1102132	Yangambi
Q1173023	Daura
Q1190869	Catió
Q1196877	Brak
Q1207825	Tororo
Q1115195	Bakoumba
Q1152298	Kilamba
Q1201732	Owando
Q1102117	Basankusu
Q1102993	Simunye
Q1110006	Soqota
Q1111957	Busia
Q1153061	Richard Toll
Q1153620	Tivaouane
Q1102602	Mapai
Q1188560	Winneba
Q1202229	Hwange
Q1100817	Dimako
Q1102045	Metangula
Q1101913	Basoko
Q1145715	Pelusium
Q1170305	Aïn El Aouda
Q1102796	Biankouma
Q1142811	Cuamba
Q1142926	Impfondo
Q1200140	Mounana
Q1100799	Minvoul
Q1102140	Grand Lahou
Q1102546	Oumé
Q1102986	Cobue
Q1136023	Sharuna
Q1140136	Ciudad de la Paz
Q1152173	Berenice Panchrysos
Q1120978	Sotouboua
Q1100543	Dabola
Q1112826	Vila de Sena
Q1100303	Francais
Q1106169	Fougamou
Q1110016	Injibara (Kossober)
Q3109029	Mitsamihuli
Q2088506	Nkayi
Q2141024	Soroti
Q2191860	Berrechid
Q2089594	Sidi Kacem
Q2084446	Arzew
Q2086390	Mkokotoni
Q2167000	Schuckmannsburg
Q2080938	Agboville
Q2144010	Thyolo
Q2165007	Chicualacuala
Q2210877	El-Balyana
Q1241126	Dondo
Q1246740	Metemma
Q1266796	Ambo
Q1286083	Makamba
Q1333077	Skhirat
Q1321311	Île Sainte-Marie
Q1268139	Duékoué
Q1324574	El-Qantarah el-Sharqiyya
Q1232016	Kasese
Q1318022	Canchungo
Q1210015	Kaga-Bandoro
Q1318036	Mbinda
Q1243772	Samannud
Q1276800	Jorf
Q1270691	Adzopé
Q1289776	Moatize
Q1340331	Joal-Fadiouth
Q1296439	Effon-Alaiye
Q1722889	Kambia, Sierra Leone
Q1740681	Khorixas
Q1757279	Sibut
Q1721432	Kailahun
Q1724990	Oued Zem
Q1723411	Kamsar
Q1758215	Outapi
Q1740795	Kibeho
Q3111400	Goré
Q3135733	Mitzic
Q3235662	Namanga
Q3175104	Metu
Q3191685	Kabuga
Q3201090	Kébémer
Q3192625	Kanel
Q3196396	Kidira
Q3198143	Kobo
Q3232289	Bomassa
Q3194987	Kemise
Q3110195	Humera
Q3233968	Linguère
Q3194845	Kele, Ethiopia
Q3127439	Harhoura
Q3235603	Hlatikulu
Q3110404	Zoutpansberg
Q3111445	Gossas
Q3136729	Tangin Dassouri
Q3192173	Kalfou
Q3111582	Goudomp
Q3192921	Karakore
Q3200312	Kula, Ethiopia
Q3233176	Namaacha
Q3111649	Goulmima
Q3112862	Goz Beïda
Q3132397	Kago Kaju
Q3173182	Notsé
Q3196316	Kibangou
Q3111576	Goudiry
Q3124883	Sembé
Q3124895	Oyo, Republic of the Congo
Q3199296	Koumpentoum
Q3199354	Koutine
Q5259650	Denu
Q5600202	Qutur, Egypt
Q5350647	El-Badari
Q5419083	Ewu
Q5607284	Kafr Shukr
Q5620048	Guriceel
Q5637733	Hadejia
Q5255116	Dembecha
Q5376121	Endibir
Q5284691	Divuma
Q5478122	Oum El Bouaghi
Q5599705	El Saff
Q2287316	Jerada
Q2292517	Skikda
Q2228759	Tiko
Q2294847	Bouskoura
Q2261361	Chinde
Q2277705	Khombole
Q2294808	Ben Ahmed
Q2305839	Kayanza
Q2215428	Souillac, Mauritius
Q2260811	Lilibaeum
Q2252605	Sironko
Q2260170	Wuchale
Q2300140	Siteki
Q2222874	Zanzibar City
Q2279371	Amba Mariam
Q1467234	Nyanga
Q1377361	Liwonde
Q1390721	Nhamatanda
Q1515541	Pamplemousses
Q1392195	Mango
Q1490813	Gadaka
Q1364365	Zula
Q1530295	Divo
Q1415536	Lokichogio
Q1457265	Usakos
Q1393804	Victoria Falls
Q1362117	Mocímboa da Praia
Q1404518	Oranjemund
Q1439847	Foumban
Q1458892	Xangongo
Q1553776	Guiglo
Q1370650	Nkhata Bay
Q1374967	Euroea in Phoenicia
Q1404020	Ras Gharib
Q1436787	Maamba
Q1368576	Mansôa
Q1383404	Fayid
Q1377368	Gikongoro
Q1440541	Fraita
Q3315681	Palma
Q3286489	Manono
Q3307328	Metehara
Q3312840	Lavumisa
Q3312796	Mieso
Q3327593	Mulenge
Q3312677	Ngwenya
Q3280495	Majete
Q3260216	Loudima
Q3280505	Maji
Q3324947	Mossaka
Q3325049	Mota, Ethiopia
Q3327422	Mudula
Q3332659	Médina Yoro Foulah
Q3303551	Mboro
Q3307130	Mossendjo
Q3304823	Meki
Q3304801	Mekane Selam
Q3307123	Gamboma
Q3312318	Diosso
Q3236564	Ancuabe
Q3244848	Warrap, South Sudan
Q3280636	Makabana
Q3281038	Goroumo
Q3304799	Mekane Berhan
Q3307115	Madingo-Kayes
Q3335196	Naema
Q3281850	Malem Hodar
Q3304215	Mega, Ethiopia
Q3306256	Meraro
Q3337485	Ndioum
Q6003432	Imasgho
Q6365782	Kanyabayonga
Q6037615	Namapa
Q5998871	Sinnuris
Q6571316	Dabakala
Q6406917	Kiliba
Q6159672	Varia
Q5987687	Idanre
Q6406498	Kilaguni
Q6346798	Kahama
Q6121011	Jacqueville
Q6431544	Kordié
Q5949897	Husseiniya
Q6000830	Daraw
Q6080543	Ishozi
Q1786045	Mao
Q1774419	Pala
Q1781511	Kong
Q1788128	UwU
Q2370405	Tenta
Q2362433	Ewo
Q2378079	Acalayong
Q2392142	Zefta
Q2330467	Guercif
Q2329701	Taourirt
Q2427704	Fulacunda
Q2349480	Kajiado
Q2396769	Gbélo
Q2435851	Boumalne Dades
Q2359952	Sidi Slimane
Q2390618	Sus al-Aksa
Q2409805	Katiola
Q2429241	Weldiya
Q2354276	Finote Selam
Q2369466	Moussoro
Q2384142	Ait Melloul
Q3464234	Sainte-Croix
Q3339368	Nguékhokh
Q3400742	Pout
Q3441236	Rommani
Q3442746	Ross Béthio
Q3460692	Sabou
Q3337871	Nejo
Q3358051	Oued Zarga
Q3461465	Sagure
Q3469700	Salemata
Q3343338	Nondara
Q3350077	Okoyo
Q3342357	Nkondjock
Q1557691	Guédiawaye
Q1557796	Gwanda
Q7636579	Sultan
Q6736825	Maintinandry
Q7877316	Udu, Nigeria
Q7067578	Nsoko
Q7265828	Qaha
Q6740518	Makénéné
Q7504702	Shuhada
Q7421008	Saponé
Q6737428	Majayahan
Q7021974	Nganda
Q7266461	Qanatir el Qahiriya
Q7684735	Taposiris Magna
Q7041563	Rukiga
Q7413381	San Antonio de Ureca
Q6726220	Madalla
Q7294653	Ras El Bar
Q7958728	Wacca
Q7283492	Rahmaniya
Q6839370	kafr El-battikh city
Q2471469	Kabalo
Q2570767	Batu
Q2511670	Tima
Q2458075	Mwaro
Q2465841	Yabassi
Q2533580	Kumbo
Q2550461	Niefang
Q2562082	El Matareya
Q2570307	Adré
Q2549060	Cogo
Q2528080	Tabligbo
Q2548730	Taounate
Q2563156	Dembi Dollo
Q2490824	Djambala
Q2501786	Tiflet
Q2446919	Bangem
Q2560293	Mhlume
Q2549481	Aconibe
Q2472697	Ouro Sogui
Q2498357	Massakory
Q2566827	Dogbo-Tota
Q1809024	Biltine
Q1828275	Loum
Q1816589	Qus
Q1827283	Maghagha
Q1818610	Lastoursville
Q1807961	Mueda
Q1797764	Teseney
Q3474658	Sawla
Q3494688	Manzala
Q3498842	Matai
Q3567301	Were Ilu
Q3651040	Calulo
Q3720937	Al Jabalayn
Q3483204	Bouknadel
Q3574797	Zaouiet Sousse
Q3478042	Sela Dingay
Q3489051	Sokone
Q3524626	Thilogne
Q3646152	Abu Qirqas
Q3652748	Deir Mawas
Q3502865	Abutig
Q3711197	Mpwapwa
Q3532864	Touissit
Q3567308	Wereta
Q3523969	Thiadiaye
Q3645598	Zuwetina
Q3476942	Sebeta
Q3567161	Welenchiti
Q3566248	Waraniéné
Q2708675	Mora
Q2589060	Kimpese
Q2594467	Idiofa
Q2604706	Obala
Q2656174	Oum Hadjer
Q2654892	Saly
Q2629026	Koro
Q2646407	Bekoji
Q2629132	Bandjoun
Q2627209	Youssoufia
Q2708658	Mokolo
Q2663513	Shibin el-Qanater
Q2708439	Guider
Q2708429	Kaélé
Q2640808	Kirundo
Q2629052	Meiganga
Q2660652	Berenice Epideires
Q2618048	Umm Ruwaba
Q2669640	Cankuzo
Q2702755	Mbalmayo
Q2708630	Yokadouma
Q2709339	Mbouda
Q2586396	Zouar
Q2604875	Nkimi
Q2656015	Ubundu
Q2592149	Sakania
Q2604911	Bidjabidjan
Q2604898	Mengomeyén
Q2708780	Sangmélima
Q9560053	Abala
Q10344168	Panda
Q10860440	Pella
Q10394607	Yele
Q10394550	Yana
Q10301045	Ile
Q11904209	Hadrianopolis
Q8073157	Zoan
Q10323671	Manhiça
Q10600392	Nguti
Q9560982	Abkua
Q10891328	Nefas Mewcha
Q7958913	Wad Banda
Q8536073	Azimuntium
Q10327461	Matru
Q11048692	Melut
Q10390786	Vila Estoril
Q12245024	Mellit
Q12245008	Mellita
Q12242935	Musturud
Q12211002	Khereddine
Q12246436	Mit Abou Ghaleb
Q12243521	Baltim Resort
Q12217060	Sinkāt
Q3788017	Hyria
Q4105094	al-Wasta
Q3874055	Ncue
Q4063326	el-Kharga Town
Q4165655	Hihya
Q4166604	Faraskur
Q4116186	Bawiti
Q4119153	El Zarqa
Q4166337	Dar el-Salam
Q4167668	Hluti
Q3879165	Nsang
Q4119766	15th of May City
Q3976467	Suani Ben Adem
Q4118025	Kafr Saad
Q22680860	Konye
Q23012983	Dir
Q22680674	Mbang
Q23012952	Bogo
Q23013006	Gobo
Q23949850	Juhaynah
Q22002226	Mahavelona
Q23013060	Massock-Songloulou
Q23665342	Rey Bouba
Q23017320	Ndevana
Q23013147	Soulédé-Roua
Q23013166	Widikum-Boffe
Q23499058	Imesi Ile
Q23835648	BABOR - VILLE
Q23012947	Barndaké
Q23013059	Martap
Q23013064	Meri, Cameroon
Q23013009	Guere, Cameroon
Q23015066	Bamenkombo
Q22002216	Beronono, Analamanga
Q2718745	São Domingos
Q2891356	Bati
Q2855736	Ferkessédougou
Q2883555	Banwa
Q2920063	Emfraz
Q2922207	Boundiali
Q2915071	Bukama
Q2881532	Balsa
Q2824323	Adet
Q2878806	Badou
Q2720623	Micomeseng
Q2794758	Djelfa
Q2821705	Abomsa
Q2884475	Bargny
Q2907474	Bni Drar
Q2880315	Bakou
Q2922170	Bouna
Q2901625	Bichena
Q2720938	Añisoc
Q2811760	Hayq
Q2895928	Beniane
Q2922199	Boundji
Q2738426	Mayumba
Q2829115	Akok
Q2736522	Bennane
Q2841553	Ambam
Q2881786	Bambey
Q2893571	Bedessa
Q2909484	Bolo, Ethiopia
Q2922201	Bounkiling
Q2837318	Aliyu Amba
Q2928324	Bure (Gojjam), Ethiopia
Q2829121	Akonolinga
Q2929807	Bélabo
Q2881807	Bameka
Q2928812	Butajira
Q2738432	Haloha
Q187807	San Fernando
Q25247575	Lakota
Q24053081	Adobha
Q25247514	Lekki
Q25396900	West Coast
Q25388976	Upper Bayang
Q25056931	Unwana city
Q11907308	Ausa
Q12188944	El Shorouk
Q12189989	El Abassia
Q12191144	New Cairo
Q11929668	Karkh
Q12187701	Ar Rajban
Q11926141	Hrairia
Q11933999	Louata
Q12180000	Aghir
Q12191490	El Kantara
Q87063191	Ait Aatab
Q85098690	Djoliba
Q97177600	Loumbila
Q12712755	Yoko
Q12634651	Koki
Q12698776	Ndom
Q12685605	Dembo
Q12881994	Nyamasheke
Q14215956	Mut
Q13140703	Itu
Q14060205	Maghrawa
Q12709357	Sinfra
Q13634887	Al Qurayn, Egypt
Q13957085	São Filipe
Q12877252	Epiphaneia in Bithynia
Q13365870	Marrakech-Menara
Q14208893	Farafra town
Q14220534	Siwa Town
Q12884189	Ruhango
Q13140702	Lyede
Q30897875	Pana
Q28747858	Ghurayfah
Q28403188	Ndi Oji Abam
Q28445605	Abū Qurqāş
Q30590215	Sidi-Meskin
Q6343	Carthage
Q15179688	Ambodiharina
Q15260737	Nachingwea, Tanzania
Q15554012	Kasulu
Q16920553	Rama
Q17081237	Luberizi
Q18592055	Gagnoa
Q16734017	Petronia City
Q19343677	Bregbo
Q19716908	Sublaqueum
Q19858176	Bou Omrane
Q20399771	Tasawah
Q19507712	Mukenke
Q31914172	Benoy
Q42316051	Baala
Q48770924	Buari
Q49371613	Zana
Q49364945	Sahline
Q49371956	Skanes
Q50358912	Mangina
Q51338366	Kabara, Mali
Q21788742	Savé
Q22002190	Amboasary
Q20669755	Dédé-Makouba
Q20976571	Adabokrom
Q20976908	Mpohor
Q20982437	Merawi, Ethiopia
Q21994179	Kasaka LCI
Q22002208	Androhibe
Q99239828	Eziama Urata
Q100234030	De Quincey, Mahé
Q5858810	Gurgan
Q55440278	Dunkirk
Q55048249	Tejo
Q55616318	Kwale, Nigeria
Q56274303	Bouroum-Bouroum
Q64769073	Gayéri
Q66426746	Durbete
Q56302707	Miziling
Q56244320	Al Hasahisa
Q65304656	Chokwé
Q1519037	Petra
Q1191316	Round city of Baghdad
Q817274	Beni Isguen
Q98686735	Madinah al-Khatt
Q746670	Mouila
Q1002583	Makokou
Q690421	Tchibanga
Q2922148	Boumango
Q16509811	Onga
Q16508929	Mandji
Q3572172	Yenzi
Q21294265	Akanda
Q3317546	Moabi
Q874197	Lambaréné
Q983886	Oyem
Q2937036	Cap Estérias
Q3302948	Mayemba
Q3926	Pretoria
Q3768	Yamoussoukro
Q3919	Gaborone
Q3866	Dodoma
Q5465	Cape Town
Q208389	Sabha
Q134514	Suez
Q243293	Sekondi-Takoradi
Q221283	Cape Coast
Q818106	Benoni
Q966819	Kira Town
Q990080	Nacala
Q271000	Bouaké
Q276534	Wau
Q325164	Kayes
Q287722	Nchelenge
Q1054450	Centurion
Q1026420	Sandton
Q1637702	Alberton
Q1018144	Paarl
Q1020192	Uitenhage
Q1020901	Obuasi
Q370456	George
Q192541	Ctesiphon
Q2166182	Roodepoort
Q1866604	Livingstone
Q2296366	Randburg
Q1734942	Kashikishi
Q2022168	Takoradi
Q466046	Salé
Q406358	Koforidua
Q492778	Kiffa
Q575780	Upington
Q600693	Thiès
Q162413	Sirte
Q726143	Tema
Q3510499	Burutu
Q378940	Adulis
Q738496	Assab
Q3544425	El Marsa
Q798445	La Goulette
Q582922	Grand-Bassam
Q1851848	Pangani
Q12202359	Turki
Q1853310	Ondo City
Q1865092	Mulanje
Q2944819	Waku-Kungo
Q1856972	Laï
Q2944558	Tômbwa
