Q1478665	Kenya Wildlife Service
Q7193999	Kenya Commercial Bank
Q493271	East African Breweries
Q1525124	Kenya Electricity Generating Company
Q6960733	Nakumatt
Q6970049	Nation Media Group
Q7398410	Safaricom
Q7876767	Uchumi Supermarkets
Q1529217	One Acre Fund
Q4966238	Bridge International Academies
Q6392687	Kenya Power and Lighting Company
Q7453121	Serena Hotels
Q28134152	SportPesa
Q5384670	Equity Bank Group
Q3327765	Mumias Sugar
Q3928251	Rea Vipingo
Q4853463	Bamburi Cement
Q6392680	Kenya Pipeline Company
Q7409244	Sameer Group
Q17074730	Kenya Post Office Savings Bank
Q18379605	National Social Security Fund
Q19953806	M-KOPA
Q20077599	Juhudi Kilimo
Q4813644	Athi River Mining
Q18164704	East African Portland Cement Company
Q1129814	Cooper Motor Corporation
Q3431904	Rift Valley Railways Consortium
Q4672405	AccessKenya Group
Q5063061	Centum Investment Company Limited
Q5433052	Family Bank
Q5452774	First Community Bank
Q6301873	Jubilee Insurance
Q6322748	K-Rep Bank
Q6392602	Kenya Medical Supplies Agency
Q6954287	NIC Bank
Q6954288	NIC Bank Group
Q6970904	National Bank of Kenya
Q6973411	National Hospital Insurance Fund
Q7088944	Olympia Capital Holdings
Q7102327	Oriental Commercial Bank
Q7135378	Paramount Universal Bank
Q7243236	Prime Bank
Q7425152	Sasini Tea & Coffee
Q7429996	Scangroup
Q7598198	Standard Chartered Kenya
Q7697349	Telkom Kenya
Q7833682	Trans National Bank Kenya
Q7884434	Unga Group
Q7926657	Victoria Commercial Bank
Q8034267	WordAlive Publishers
Q17110502	Kakuzi Limited
Q17110895	TransCentury Investments
Q17510165	Faulu Microfinance Bank Limited
Q18355193	Tuskys
Q18355359	Finserve Africa Limited
Q18358469	BitPesa
Q18377996	Well Told Story
Q18378521	Mwalimu Cooperative Savings & Credit Society Limited
Q18394932	Ukwala Supermarkets
Q19903363	Jubilee Holdings Limited
Q19903371	Kenya Wine Agencies Limited
Q21178609	Kenya Women Microfinance Bank
Q24236326	Kenya Electricity Transmission Company
Q24236402	Akiira Geothermal Limited
Q28223296	United Bank for Africa
Q28223354	Liberty Life Assurance Kenya Limited
Q5252942	Del Monte Kenya
Q19903179	Bidco Africa
Q5070972	Chandarana Records
Q17064706	Limuru Tea Company Limited
Q18351104	Imarisha Cooperative Savings & Credit Society Limited
Q19903384	Kwale International Sugar Company Limited
Q23022476	Kisii Sugar Factory
Q6392571	Kenya Fluorspar Company
Q19903187	Brookside Dairy Limited
Q55613979	HotelOnline
Q5965483	I&M Bank Group
Q5965490	I&M Bank Limited
Q5152463	Commercial Bank of Africa
Q5152466	Commercial Bank of Africa Group
Q5384664	Equity Bank Kenya
Q4696802	Aiducation
Q5037824	Carbacid Investments
Q5087097	Chase Bank Kenya Limited
Q5154705	Community Cooker Foundation
Q5163264	Consolidated Bank of Kenya
Q5167875	Cooperative Bank of Kenya
Q5183711	Credit Bank
Q5310507	Dubai Bank Kenya
Q5384250	Equatorial Commercial Bank
Q5416938	Eveready East Africa
Q5446773	FidelityBank
Q5449332	Fina Bank
Q5449334	Fina Bank Group
Q5555211	Ghafla!
Q5564742	Giro Commercial Bank
Q5614046	Guardian Bank
Q5617377	Gulf African Bank
Q5916122	Housing Finance Company of Kenya
Q6006371	Imperial Bank Limited
Q6027691	Industrial Promotion Services
Q6147708	Jamii Bora Bank
Q30261744	Cosmos Limited
Q30261798	ETC East Africa (Kenya)
Q30261838	Health Strat (Kenya)
Q30261899	mHealth (Kenya)
Q30261900	Kenya Seed Company (Kenya)
Q76615484	Qbroka
Q96191591	Tevalu
Q62084015	Kyoto Energy
Q1324434	Nasr
Q1992164	Nilesat
Q921716	Global Telecom Holding
Q266341	Orange Egypt
Q959814	Suez Canal Company
Q420774	Manufacturing Commercial Vehicles
Q517139	General Motors Egypt
Q1299177	Egyptian General Petroleum Corporation
Q1779592	El Salam Maritime Transport
Q4119563	National Bank of Egypt
Q623639	Arab American Vehicles
Q1540525	Vodafone Egypt
Q2060638	Banque Misr
Q2583152	Egypt Post
Q1299145	Egy-Tech Engineering
Q1299189	Egyptian German Automotive Company
Q630777	Bavarian Auto Group
Q1583794	Telecom Egypt
Q1244316	Ghabbour Group
Q4856020	Bank of Alexandria
Q12236500	Cook Door
Q3317535	Mo'men
Q4783172	El-Mokawloon El-Arab
Q4119394	Alexandria Sporting Club
Q5555090	Gezira Sporting Club
Q4689766	African Export-Import Bank
Q5348428	Egyptian Natural Gas Holding Company
Q310138	Egyptalum
Q2310890	Misr Spinning and Weaving Company
Q4037948	Egyptian International Beverage Company
Q5348425	Egyptian Media Production City
Q7835887	Travco Group
Q1299174	EFG-Hermes
Q7678762	Talaat Moustafa Group
Q4120269	Etisalat Misr
Q4857077	Banque du Caire
Q6715379	MENA
Q6369938	Suez Canal Container Terminal
Q7502531	Shotmed Paper Industries
Q15229827	Juhayna
Q16245812	Asfour crystal
Q12218363	Egyptian television Network
Q85784760	Meeza
Q4842543	Bahgat Group
Q4917245	BiscoMisr
Q5152506	Commercial International Bank
Q5324533	EUC Construction – El Hazek
Q5367528	Elsewedy Electric
Q5379480	Enppi
Q5635862	HSBC Bank Egypt
Q5348427	Egyptian Natural Gas Company
Q5254586	Delta Career Education Corporation
Q5974879	ITO Group - International Trade Office Group
Q12178276	ABU QIR Fertilizers and Chemicals Industries Company
Q17077749	The Egyptian Starch, Yeast and Detergents Co.
Q18388989	ESpace for software development
Q5068958	Challenger LTD
Q7089088	Olympic Group
Q5059697	Center for Intercultural Dialogue and Translation
Q4732563	Allied Council for Commerce and Logistics
Q5157209	CompuMe
Q5348401	Egyptian Engineering Agencies
Q3702467	Dar El Shorouk
Q4704949	National Bank of Kuwait - Egypt (NBK - Egypt)
Q5142604	Coldwell Banker New Homes
Q5348458	Egyptian Union of Liberal Youth
Q6352061	Kalemat Arabia
Q5743904	Herrawi Group
Q16245602	Alexandria City Centre
Q30257210	The Egyptian General Company for Tourism and Hotels (Egypt)
Q30261655	WADI Group (Egypt)
Q30261788	Environement Quality International (Egypt)
Q30261812	Egyptian Consulting & Trading Co. Ltd
Q30261832	Egyptian Solar Research Center
Q30261950	Misc (Egypt)
Q30261993	Nile Valley Engineering (Egypt)
Q30262000	North South Consultants Exchange (Egypt)
Q30262021	Sakhr Software (Egypt)
Q30262037	Flora Pyramids Paper Mills
Q43895173	Servier (Egypt)
Q50037239	International Drug Agency For Pharmaceutical Industry (Egypt)
Q30261829	Vacsera (Egypt)
Q30261864	International Consultants (Egypt)
Q30261910	Mimar Engineering Consultancy (Egypt)
Q30263877	Mobica (Egypt)
Q30338816	IBM Egypt Business Support Services
Q93481466	First Wood
Q1276270	EBC
Q5403583	ethio telecom
Q2845718	Anbessa City Bus Service Enterprise
Q16878216	Ethiopian Postal Service
Q1270344	Marathon Motors Engineering
Q7103764	Oromia International Bank
Q19364991	Cooperative Bank of Oromia
Q19979222	Mekelle Farms
Q4829925	Awash International Bank
Q16950751	SouthWest Energy
Q30256967	GeoSAS (Ethiopia)
Q30271836	Precise Consult International (Ethiopia)
Q1419926	South African Broadcasting Corporation
Q905998	Sasol
Q1813361	MTN Group
Q3472954	Nando's
Q1965898	Naspers
Q1576610	Standard Bank
Q2811992	Wimpy
Q1367885	Eskom
Q541076	AngloGold Ashanti
Q2449525	Transnet Freight Rail
Q481472	Sappi
Q779252	Mondi Group
Q1155790	DStv
Q1818970	Telkom
Q974875	Thawte Consulting
Q1187008	Denel
Q2751701	Nedbank
Q4689878	African Parks Network
Q3643636	Shosholoza Meyl
Q7565435	South African Breweries
Q2685228	Armscor
Q693184	Glass Sport Motors
Q847484	Sanlam
Q7178851	PetroSA
Q1719217	Koöperatieve Wijnbouwers Vereniging van Zuid-Afrika Bpkt
Q1507228	Harmony Gold
Q1434734	Passenger Rail Agency of South Africa
Q1534597	Gold Fields
Q4164819	Chicken Licken
Q1857639	Shoprite
Q7885459	Union Carriage & Wagon
Q1206693	Development Bank of Southern Africa
Q117849	Pretoria Portland Cement Company
Q1916123	Mediclinic International
Q2750588	Media24
Q8033997	Woolworths
Q3022429	Denel Dynamics
Q3297791	Massmart
Q857015	Bidvest Group
Q4807838	Aspen Pharmacare
Q4916492	Birkin Cars
Q6000236	Illovo Sugar
Q2894574	Bell Equipment
Q820804	Transnet
Q3056765	Steers
Q5453738	First Rand
Q1617134	Superformance
Q7257427	Public Investment Corporation
Q3054251	Engen Petroleum
Q5035822	Capitec Bank
Q7098937	Optimal Energy Joule
Q7841727	Triggerfish Animation Studios
Q18636508	Coca-Cola Beverages Africa
Q4861241	Barloworld Limited
Q5058146	Cell C
Q6998801	Netcare
Q15635385	Pebble Bed Modular Reactor
Q1225703	Dimension Data
Q5251737	Defy Appliances
Q7820998	Tongaat Hulett
Q4033498	African Explosives
Q3642635	MultiChoice
Q756685	Atlantis Diesel Engines
Q2070124	Perana Performance Group
Q16946492	Transwerk
Q19903743	Tsogo Sun
Q7190735	Pick n Pay
Q6994210	Neotel
Q379343	Advanced Automotive Design
Q4688472	Aerosud
Q5422520	Exxaro
Q2142945	Remgro
Q5172208	Coronation Fund Managers
Q6668716	MWEB
Q8074204	Zoopy
Q25388266	CAV vehicles
Q5532053	General Motors South Africa
Q384409	African Rainbow Minerals
Q2946616	Ceres Fruit Juices
Q4645275	Telkom Mobile
Q6443683	Kumba Iron Ore
Q7121107	PUTCO
Q26794437	TR-Tec
Q1201656	Deukom
Q7166182	Pep
Q7166318	Pepkor
Q3516786	Ubank Limited
Q5135861	Clover
Q5335743	Edcon
Q6217144	Johannesburg City Parks
Q7451187	Sentech
Q7570526	Southern Sun Hotel Group
Q12063032	DRDGOLD Limited
Q15727899	South African National Roads Agency
Q16058170	Afrihost
Q21580706	Cybatar Cloud
Q26794388	Alfa Romeo South Africa
Q6939094	Murray & Roberts
Q7581546	Spur Steak Ranches
Q7824387	StarSat
Q28434542	Simba
Q5204487	DCD Group (Pty) Ltd
Q4646762	@lantic
Q4689763	African Exploration Mining and Finance Corporation
Q6541825	Liberty Holdings Limited
Q6858114	Milkor (Pty) Ltd
Q6998343	NetSys
Q7669410	TASTE Holdings
Q7933968	Virgin Mobile South Africa
Q25345239	GTool
Q4931041	BoE Stockbrokers
Q5089126	Checkers
Q5134840	Clockwork Zoo
Q5415277	EvaluNet
Q5647664	Handspring Puppet Company
Q6006453	Imperial Cold Storage and Supply Company
Q7798962	Thunder City
Q17079933	Sekunjalo Investments
Q17080088	Nomanini
Q17090797	Snapplify
Q18354941	Santam
Q18636363	Distell Group Limited
Q24915968	Wootware
Q4915507	Bips Investment Managers
Q6484026	Land and Agricultural Development Bank of South Africa
Q7243387	Primedia Broadcasting
Q7451376	Sentraal-Suid Koöperasie
Q7951045	WIZZIT
Q18351032	Alexander Forbes Group Holdings
Q18636593	Rand Merchant Insurance Holdings
Q19903465	Momentum Metropolitan Holdings Limited
Q27926174	Broadband Infraco SOC Limited
Q6746662	Management College of Southern Africa
Q6929120	Mr. Price
Q7565776	South African Port Operations
Q7834728	Transnet Pipelines
Q17009675	Durban People Mover
Q17078632	NBS
Q17087971	SA Home Loans
Q28223156	RCL Foods Limited
Q29785741	Hetzner (Pty) Ltd
Q7196687	Pioneer Foods
Q17014544	Avis Southern Africa
Q4674255	Ackermans
Q4904284	Bidvest Bank Limited
Q17081067	OTEL Telecoms
Q4680951	Adcock Ingram
Q4849253	Bakers
Q4906007	Big Media Publishers
Q4941280	Bond Exchange of South Africa
Q5001695	Business Connexion Group
Q5070774	Chancellor House
Q5119218	Cibecs
Q5150576	Comazar
Q5333325	Econet Wireless
Q5419679	Exclusive Books
Q5609463	Grindrod Bank
Q6055678	Internet Solutions
Q6824279	Metorex
Q7251523	Protekon
Q7300946	Hollard
Q7388894	SA Waste Holdings
Q7597999	Stanbic Bank
Q7600087	Stanlib
Q7627754	Student Sponsorship Programme South Africa
Q5313316	Dulce Café
Q16162641	Viacom International Media Networks
Q17008542	Datatec
Q17049422	Vision Software
Q17055853	Imperial Bank South Africa
Q17108215	ACM Gold And Forex Trading
Q18207768	Combined Motor Holdings Limited
Q20981815	Northam Platinum
Q24234023	Riovic
Q24234188	The Creative Counsel
Q24234204	Sybrin
Q5490886	Frankie's
Q7801391	Tiger Brands
Q5501391	Freightdynamics
Q28223117	Gilroy’s Brewery
Q6869597	Mintek
Q7933953	Virgin Life Care
Q24234009	Bidvest Insurance
Q6818007	Mercantile Bank
Q30262062	Talbot & Talbot (South Africa)
Q6015372	Incredible Connection
Q30262060	T-Systems (South Africa)
Q30262131	WR Nyabeze & Associates (South Africa)
Q30261814	Geoterra Image (South Africa)
Q30262053	Technoscene (South Africa)
Q30261876	ISS International (South Africa)
Q30262112	WAM Technology (South Africa)
Q82346264	LimClouds
Q100146248	Dutch Bank for South Africa
Q95995486	Darkmello Recordings
Q21850033	Guardrisk
Q30261745	Deltamune (South Africa)
Q30261792	Epicentre (South Africa)
Q30289518	Sabinet
Q36875325	Winetech (South Africa)
Q73533905	Bid Corporation
Q30261644	Agama Energy (South Africa)
Q30261902	Microchem (South Africa)
Q30261994	Research Research (South Africa)
Q30263991	Africagrowth Institute (South Africa)
Q30296061	BroadReach Healthcare (South Africa)
Q50035565	National Bioproducts Institute (South Africa)
Q58423048	Folk Cafe
Q58499154	Sotano
Q29123486	Element Six (South Africa)
Q29123035	Sandvik (South Africa)
Q30261674	Assore (South Africa)
Q30261810	EcoMetrix Africa
Q30261835	Health Science Academy (South Africa)
Q30261852	Infusion (South Africa)
Q30261936	MultiMedia InnoVations (South Africa)
Q30261945	Nano Energy (South Africa)
Q30262081	TogaLabs (South Africa)
Q30262140	Omnia (South Africa)
Q30263875	L&S Consulting (South Africa)
Q30271555	African Fertilizer and Agribusiness Partnership
Q30338537	Anglo American (South Africa)
Q41568427	Impact Instruments (South Africa)
Q50035542	Nestlé (South Africa)
Q50514919	Golder Associates (South Africa)
Q61895765	Athletico
Q30269162	Mylan (South Africa)
Q85292163	Web4Africa
Q3488214	Sotelma
Q2883022	Mali Development Bank
Q3355061	Orange Mali
Q2882627	Bank of Africa
Q2883405	Malian Solidarity Bank
Q2883399	banque internationale pour le Mali
Q4857076	Banque de l'Habitat du Mali
Q30594734	National Bank of Agricultural Development
Q1090717	Sonatrach
Q624426	Arab Satellite Communications Organization
Q2004597	Entreprise nationale de Radiodiffusion sonore
Q2381695	SNVI
Q1275038	Société nationale des transports ferroviaires
Q3335043	Naftal
Q795474	Cevital
Q2836029	Poste Algérie
Q3337704	Ooredoo Algérie
Q7399953	Saidal
Q17640214	Télédiffusion d'Algérie
Q2836031	Algérie Ferries
Q3490327	Sonelgaz
Q16124570	Condor Electronics
Q2297151	Société nationale des chemins de fer algériens
Q2826659	Anesrif
Q2931752	CNEP-Bank
Q2866716	Asmidal
Q5379115	ENMTP
Q3117869	GICA
Q2883031	BADR
Q2883372	Gulf Bank Algeria
Q2883410	National Bank of Algeria
Q2989928	Compagnie des chemins de fer algériens de l'État
Q3006243	Qarḍ al-Shaʻbī al-Jazāʾirī
Q6486937	Zero4
Q86682568	SIM
Q90937441	Amor Benamor
Q28040035	Agence algérienne pour le rayonnement culturel
Q16642976	INFRAFER
Q3488521	Société nationale de recherche et d'exploitation de pétrole en Algérie
Q16534853	CK Fleisch
Q55559961	Elafruits
Q5357813	Electricity and Gas Regulation Commission
Q23058451	Rheinmetall Algeria
Q23688116	EGA
Q25395140	Sider
Q30765878	Ferrovial
Q65063173	ADA
Q94696188	Alphyt
Q98755978	Tala
Q3486878	Smart Link Communication
Q25383078	Société nationale de sidérurgie
Q88975968	Parfums Wouroud
Q98309140	Sorfert Algeria
Q30261983	NEAL (ALGERIA)
Q677832	Sonangol Group
Q7893680	Unitel Angola
Q399633	ANGOP
Q806172	Banco Angolano de Investimentos
Q1340457	Endiama
Q2849714	Angola Telecom
Q5172832	Correios de Angola
Q11862794	ENANA
Q3273199	MSTelcom
Q6926807	Movicel
Q8062941	ZAP
Q4689752	African Diamond Producers Association
Q10372824	Sociedade de Desenvolvimento Mineiro
Q51095581	Banco Nacional Ultramarino, Luanda
Q4352110	Vodafone Ghana
Q3104763	Ghana Broadcasting Corporation
Q3104764	Ghana National Petroleum Corporation
Q19978405	Kantanka cars
Q6973844	National Investment Bank
Q7600608	Star Africa Commodities & Minerals Limited
Q7940708	Volta Aluminum Company
Q1521346	GCB Bank Limited
Q2532874	Volta River Authority
Q4034655	Ayrton Drugs
Q4035559	CAL Bank
Q4039966	Republic Bank Ghana Limited
Q5555383	Ghana Oil Company
Q7885207	Unilever Ghana
Q7408353	Sam Woode Limited
Q4033842	Aluworks
Q4689720	African Champion Industries
Q7196717	Pioneer Kitchenware
Q4035427	British American Tobacco Ghana
Q5579954	Golden Web
Q5616580	Guinness Ghana Breweries
Q19600548	Blu Telecommunications
Q19604603	Universal Merchant Bank
Q19978283	Ghana Water Company
Q21015670	Deng
Q25052686	Ghana National Gas Company
Q55635854	Tiger Eye P. I.
Q4739179	AmalBank
Q5010418	CFAO Ghana
Q5137088	Clydestone Ghana
Q5333155	Ecobank Ghana
Q5380322	Enterprise Insurance
Q5446778	Fidelity Bank Ghana
Q6804495	Mechanical Lloyd
Q7121248	PZ Cussons Ghana
Q7245305	Printex Ghana
Q7598195	Standard Chartered Ghana
Q7602658	Starwin Products
Q7645819	Suretrack Contracts Services
Q7770571	The Trust Bank
Q7834743	Transol Solutions Ghana
Q7876063	UT Bank
Q16733516	Capital Bank
Q16734183	Total Petroleum Ghana
Q5025939	Camelot Ghana
Q7247681	Produce Buying Company
Q7339174	Rlg Communications
Q7390288	SIC Insurance Company
Q30262104	Zoomlion Domestic Services (Ghana)
Q66087901	Augson Global
Q96145850	Suku Technologies
Q30261685	Bomarts Farms (Ghana)
Q490028	Dar es Salaam Stock Exchange
Q7682774	Tanga Cement
Q4050564	TANESCO
Q7857932	Twiga Cement
Q18387939	Tanzania Breweries Limited
Q6764219	Marine Services Company Limited
Q4686400	Advans Bank Tanzania
Q4700874	Akiba Commercial Bank
Q4832231	Azania Bank
Q4859971	Barclays Bank Tanzania
Q5013848	CRDB Bank
Q5420324	Exim Bank
Q6954289	NIC Bank Tanzania
Q17097901	Tanzania Telecommunications Company Limited
Q19600134	Amana Bank
Q28403381	Dangote Industries Tanzania
Q42954599	First Housing Company Tanzania Limited
Q4855940	Bank M
Q5058479	Airtel Tanzania
Q5221953	Dar es Salaam Community Bank
Q5424652	FBME Bank
Q5453416	First National Bank of Tanzania
Q5965486	I&M Bank
Q6715977	Tigo Tanzania
Q6885508	Mkombozi Commercial Bank
Q6970894	National Bank of Commerce
Q6974322	NMB Bank Plc
Q7165471	People's Bank of Zanzibar
Q7598201	Standard Chartered Tanzania
Q7684123	Tanzania Investment Bank
Q7684139	Tanzania Women's Bank Limited
Q7939274	Vodacom Tanzania
Q17109632	Natural Gas Revenue Fund
Q23034974	Smile Communications Tanzania
Q25043764	Tanzania Petroleum Development Corporation
Q25053161	Tanzania Agricultural Development Bank
Q25054185	Swala Gas and Oil
Q25230788	AccessBank Tanzania
Q30271563	AIM Group (Tanzania)
Q930225	Ecobank
Q2882890	Atlantic Bank Group
Q23303066	Grain de Sel Togo, Inc.
Q2297197	Tunisian Railways
Q549445	Banque de Tunisie
Q2075429	Compagnie Tunisienne de Navigation
Q2719231	Monoprix Tunisia
Q584121	Compagnie des phosphates de Gafsa
Q690739	Arab International Bank of Tunisia
Q2842699	Amen Bank
Q2859329	Arab Tunisian Bank
Q2883413	National Agricultural Bank
Q3055273	Tunisian National Oil Company
Q2826714	Tunisian Internet Agency
Q2882969	Banque Zitouna
Q3488699	Tunisian Company of Electricity and Gas
Q3591531	Établissement de la Télévision Tunisienne
Q1662114	Industries Mécaniques Maghrébines
Q3399820	La Poste Tunisienne
Q3488204	Société des transports de Tunis
Q3550305	UIB
Q18922571	DigitalMania
Q19885798	Dar El Jeld
Q26257936	Funduk El Attarine
Q3117601	Zouari Group
Q60846212	Central Pharmacy of Tunisia
Q3349645	National Sanitation Utility
Q3488518	National Oil Distribution Society
Q12184640	Qatar National Bank Tunisia
Q17630440	National Institute of Standardization and Industrial Property
Q16663638	Masmoudi
Q30261776	Compagnie Africaine des Peintures
Q97065019	Compagnie Tunisienne de Forage
Q30261667	Alternative Energy Systems (Tunisia)
Q30261848	Graphtech (Tunisia)
Q30262031	Sarost (Tunisia)
Q30271569	Coxswain Social Investment Plus (Tunisia)
Q85724580	Photo Morand
Q30261784	Etablissements Abdelmoula (Tunisia)
Q30261869	International Drilling Services (Tunisia)
Q30261934	Maison Arabe de Software et de Hardware (Tunisia)
Q30262029	Solar23 Tunisie (Tunisia)
Q4049683	Société tchadienne des postes et de l'épargne
Q2998586	Cotontchad
Q7563960	SotelTchad
Q5152460	Commercial Bank Chad
Q6464559	La Poste du Bénin
Q2929863	Bénin Télécoms
Q4352118	La Poste Burkina Faso
Q2297165	Société Nationale d'électricité du Burkina Faso
Q2405619	Onatel
Q7399591	Sahelis Productions
Q7829491	Tovio
Q5280435	Direction des services postaux de l'Office National des Postes et de l'Épargne
Q5323699	Enerca
Q17037531	Socatel
Q4857065	Banque Internationale pour la Centrafrique
Q4857069	Banque Populaire Maroco Centrafricaine
Q5152459	Commercial Bank Centrafrique
Q5611288	Groupe Kamach
Q17636121	Orange Centrafrique
Q25383055	Telecel Centrafrique
Q25383122	Moov Centrafrique
Q1432750	TAZARA Railway
Q634385	Konkola Copper Mines
Q1877680	Lusaka Stock Exchange
Q145518	Zambia Railways
Q8063035	ZESCO
Q145520	Zambia Sugar
Q145456	Zambeef Products
Q145493	ZCCM Investments Holdings
Q16254083	Mopani Copper Mine
Q145510	Zambia National Commercial Bank
Q145524	Zambian Breweries
Q579436	Investrust Bank
Q1300712	Indo-Zambia Bank Limited
Q1338630	Standard Chartered Zambia
Q8065957	Zamtel
Q145498	Zambia National Energy Corporation
Q114660	British American Tobacco (Zambia)
Q145486	Zambia Bata Shoe Company
Q807953	Barclays Bank of Zambia
Q1206691	Development Bank of Zambia
Q1416145	Finance Bank Zambia
Q5452277	First Alliance Bank Zambia Limited
Q8062936	ZAMNET
Q16824244	Access Bank Zambia
Q8065703	Zambian News Agency
Q5000990	Burundi National Radio and Television
Q7386093	Régie Nationale des Postes
Q6045522	Interbank Burundi
Q18110736	Brarudi
Q539206	Debswana
Q2380000	Botswana Stock Exchange
Q4948874	BotswanaPost
Q2412929	Motor Company of Botswana
Q4854032	BancABC
Q4855923	Bank Gaborone
Q4948910	Botswana Power Corporation
Q4948925	Botswana Telecommunications Corporation
Q5104860	Choppies
Q16995641	Kgalagadi Breweries Limited
Q18356125	MASCOM
Q19903402	Letshego Holdings Limited
Q28401708	Sprint Couriers
Q28446497	Letshego Financial Services Botswana
Q50040162	Botswana Vaccine Institute (Botswana)
Q4191917	Zimbabwe Stock Exchange
Q7373789	Royal Bank Zimbabwe
Q8071980	Zimbabwe Electricity Supply Authority
Q4689757	African Distillers
Q5951995	Hwange Colliery
Q6370467	Kariba Ferries
Q4944616	Border Timbers
Q17087648	Zimplow Limited
Q4653951	ART Holdings
Q4689929	African Sun Limited
Q4693887	Agricultural Development Bank of Zimbabwe
Q4827992	Avelgood
Q5009369	CBZ Bank Limited
Q5009370	CBZ Holdings
Q5010912	CFX Bank
Q5142146	Colcom Foods
Q5175677	Cotton Company of Zimbabwe
Q5254602	Delta Corporation
Q5283316	District Development Fund
Q5333157	Ecobank Zimbabwe
Q5424553	FBC Bank
Q6046477	Interfin Bank
Q6714682	MBCA Bank
Q6824997	Metropolitan Bank of Zimbabwe
Q7804925	Time Bank Zimbabwe
Q7848105	Trust Banking Corporation
Q8062968	ZB Bank Limited
Q8071968	Zimbabwe Allied Banking Group
Q16968949	Net*One
Q17107908	NMB Bank Limited
Q19904160	Fidelity Printers and Refinery
Q23012355	Zimbabwe Defence Industries
Q24235941	People's Own Savings Bank
Q55985886	advertie
Q30338641	Syngenta (Zimbabwe)
Q3488536	Société Nationale des Pétroles du Congo
Q5160546	Congolese Posts and Savings Company
Q16739794	Warid Congo
Q63378344	Hydro-Congo
Q1481581	National Railway Company of the Congo
Q391647	Gécamines
Q1577006	Société commerciale des transports et des ports
Q1890153	Trust Merchant Bank
Q3416518	Radio-Télévision nationale congolaise
Q3488513	Société nationale d'électricité
Q2828209	Kivu Air
Q2923625	Bralima Brewery
Q2992995	Orange RDC
Q1362123	Supercell
Q3370248	Rawbank
Q2384474	Compagnie du chemin de fer du Bas-Congo au Katanga
Q18350393	African Wildlife Defence Force
Q5445197	Feronia Inc.
Q7553245	Sodefor
Q7838036	Tremalt
Q17141519	Orion Group SA
Q21178738	Equity Bank Congo
Q28223069	Orgaman Group
Q4690132	Afrimines Resources
Q60551449	Souther Corporation
Q4985699	Buffalo Commercial Bank
Q5172968	Nile Commercial Bank
Q6099645	Ivory Bank
Q6925269	Mountain Trade and Development Bank
Q16250891	Southern Sudan Beverages Limited
Q5285307	Djibouti Telecom
Q17003429	Al Gamil
Q3093186	GEPetrol
Q7560737	Sonagas
Q865838	Asmara Brewery
Q2576521	Banca per l'Africa Orientale
Q5389603	Eritrean Postal Service
Q5389605	Eritrean Telecommunications Corporation
Q663493	Golden Star Brewery
Q5916147	Housing and Commerce Bank
Q7396485	Sabur Printing Press
Q4835546	BGFIBank Group
Q3459878	Sogara
Q3550281	Union gabonaise de banque
Q37934148	Total Gabon
Q1492950	Gambia Radio & Television Service
Q2456662	Trust Bank Limited
Q2989918	Compagnie des bauxites de Guinée
Q18414259	Guinéenne de Large Bande
Q5172830	Correios da Guiné-Bissau
Q3120616	Guinetel
Q491031	BRVM
Q1667302	International Industrial and Commercial Bank of the Ivory Coast
Q2792164	Société des transports Abidjanais
Q25387721	SIVOP
Q3010647	CI-TELCOM
Q3273241	MTN Côte d'Ivoire
Q3355034	Orange Côte d'Ivoire
Q5193469	Culture Palace of Abidjan
Q16525439	Ageroute+
Q30271556	African Water Association
Q540891	Nielsen Company
Q1031741	Camrail
Q2381309	Douala Stock Exchange
Q2924071	Brasseries du Cameroon
Q2935563	CAMPOST
Q962991	Westafrikanische Pflanzungs-Gesellschaft Viktoria
Q737477	Cameroon Radio & Television
Q5152461	Commercial Bank Group
Q2935672	Camtel
Q3488533	Société Nationale des Hydrocarbures
Q18210616	Kiro'o Tales
Q28404980	Madlyn Cazalis
Q2935175	Camlait
Q2998587	CICAM
Q3093212	GICAM
Q3359753	pmuc
Q5152458	Commercial Bank Cameroon
Q23021178	Camwater
Q25380110	Orange Cameroon
Q25387209	Cimencam of Cameroon
Q28498862	Gaz of Cameroon
Q3050559	Electricity Development Corporation
Q3062276	Express Union
Q3273242	MTN Cameroon
Q3459274	SCB Cameroon
Q18086618	Aéroports du Cameroun
Q30745852	Cameroon National Investment Company
Q50826264	Otto Holtfoth
Q47344231	DiGIT Cameroon
Q30282302	Organisation de Coordination pour la lutte contre les Endémies en Afrique Centrale
Q30296227	Metabiota (Cameroon)
Q2126482	RTC
Q2381261	Bolsa de Valores de Cabo Verde
Q16488933	Aeroportos e Segurança Aérea
Q5172831	Correios de Cabo Verde
Q2882066	Banco Comercial do Atlântico
Q4854079	Banco Cabo-Verdiano de Negócios
Q4854091	Banco Inter-Atlântico
Q5017949	Caixa Económica de Cabo Verde
Q5323682	ENAPOR
Q5155370	Companhia Cabo-Verdiana de Seguros
Q7385854	Rádio Clube do Mindelo
Q7842328	Trindade
Q30261768	Electra- Empresa de Electricidade e Água (Cape Verde)
Q51095584	Banco Nacional Ultramarino, Praia
Q7695817	Econet Telecom Lesotho
Q19903173	Basutoland Ink
Q18348630	Computer Business Solutions
Q427881	Royal Caribbean Group
Q5015638	Cable Consortium of Liberia
Q5453098	First International Bank
Q5570135	Global Bank Liberia
Q6541098	Liberia Telecommunications Corporation
Q6671774	Lonestar Cell
Q1967537	National Oil Corporation
Q2306787	Arabian Gulf Oil Company
Q973454	Libyan Investment Authority
Q80010	Libyan Foreign Bank
Q1117462	Libyana
Q3565115	Waha Oil Company
Q4118801	Libya Telecom & Technology
Q4146606	General Posts and Telecommunications Company
Q4857073	Banque Sahélo-Saharienne pour l'Investissement et le Commerce
Q6542856	Libyan Cement Company
Q6542881	Libyan Iron and Steel Company
Q6542917	Libyan Stock Market
Q7399488	Sahara Bank
Q7530652	Sirte Oil Company
Q7881682	Umma Bank
Q4783362	Arabian Cement Co.
Q3831855	Libyan Arab Foreign Investment Company
Q3960143	Siderexport
Q6296887	Jowfe Oil Technology
Q6542900	Libyan Project Management Association
Q7275820	RASCO
Q7692457	Technofarm International
Q8067446	Zawia Oil Refining Company
Q17128173	Themodmin
Q98270737	Yaqeen Bank
Q16938734	Madacom
Q85723599	M. Hassan Aly fils
Q1976933	Malawi Stock Exchange
Q5152470	Commercial Bank of Malawi
Q6960886	Nali Sauce
Q4044820	NBS Bank
Q5009943	CDH Investment Bank
Q5357807	Electricity Supply Commission of Malawi
Q5425278	FDH Bank
Q5453260	First Merchant Bank
Q7696304	Telekom Networks Malawi
Q19903593	Real Insurance Company of Malawi
Q30261665	Alliance One Tobacco (Malawi)
Q3439656	Rogers Group
Q3497289	State Bank of Mauritius
Q2892773	New Mauritius Hotels Ltd.
Q3053417	Emtel
Q3154310	Ireland Blyth Limited
Q3301671	Mauritius Telecom
Q5399372	Essar Energy
Q16932297	Le Défi Media Group
Q16931753	La Sentinelle
Q4855956	Bank One Mauritius
Q6481635	Lamco International Insurance Ltd
Q6733101	Chili Mauritius
Q6944785	My.T
Q17075940	Mauritius Shipping Corporation
Q19818781	Bramer Banking Corporation
Q19843146	British American Investment Company
Q19903485	National Commercial Bank Mauritius
Q20313242	Belvedere Management group
Q28975927	Flextronics (Mauritius)
Q3488541	Société Nationale Industrielle et Minière
Q3462806	Mauritanian Post Company
Q940084	Mauritel
Q1126499	Laraki
Q2602796	Casablanca Stock Exchange
Q2299942	Morocco Telecom
Q501605	Office Chérifien des Phosphates
Q1852268	Somaca
Q2300422	Orange Morocco
Q2300433	BMCE Bank
Q1388949	Inwi
Q2829178	Akwa Group
Q2055692	Marjane
Q2883441	People's Bank of Morocco
Q2989899	Compagnie de Transports au Maroc
Q1945306	Société Nationale des Autoroutes du Maroc
Q374773	Comarit
Q2990217	Compagnie Marocaine de Navigation
Q3117487	Managem
Q3117513	ONA Group
Q2990148	The Franco-Spanish Railroad Company from Tangier to Fes
Q3490063	Sonasid
Q2823349	Acima
Q3006220	CIH Bank
Q2931197	CDG Capital
Q2990194	Compagnie Générale Immobiliere
Q6803591	SIGER
Q18384641	Moroccan Agency For Solar Energy
Q3117396	El Alami Group
Q3327203	Sociedad Hispano-Marroquí de Transportes
Q15964724	FRS Iberia/Maroc
Q16834542	Eco-Médias
Q56240889	Hmizate
Q2826903	AGMA
Q2869430	Atlas Hospitality
Q2899952	Best Capital Invest
Q2931758	Saham insurance
Q2940802	Casanet
Q2972439	Ciments du Maroc
Q2984381	Colorado paints
Q2998496	cosumar
Q3197636	KITEA
Q3236658	Lesieur Crystal
Q3296092	Marwa
Q3317651	Mobilia
Q989582	Société Automobiles Ménara
Q3488352	Société générale Maroc
Q19316310	CLA Studios
Q3117555	Saham Group
Q3146734	IMTC
Q3125155	DXC Technology Maroc
Q6991321	Nemotek Technologie
Q16951475	Mena Media Consulting
Q3488371	Société générale des travaux du Maroc
Q30262025	National Office of Hydrocarbons and Mines
Q87716493	Glowy
Q100234774	Klicky
Q30261631	ACRI-EC (Morocco)
Q30261787	Eurofilet (Morocco)
Q30262003	Ressources Ingénierie (Morocco)
Q55361226	Easydis
Q97578161	La Marocaine des Jeux et des Sports
Q50363514	Assystem (Morocco)
Q1019981	Namibian Stock Exchange
Q1388465	Trustco Bank Namibia
Q806649	Bank Windhoek
Q1509637	NamPost
Q1964276	NamPower
Q114990	Telecom Namibia
Q117673	NamWater
Q516392	One Africa Television
Q857016	Bidvest Namibia
Q1516118	TN Mobile
Q1572667	Namib Mills
Q1587236	Hartlief Corporation Ltd
Q1709188	MTC Namibia
Q2016544	Ohlthaver & List
Q2016693	Ohorongo Cement
Q18124827	First National Bank
Q396689	Agricultural Bank of Namibia
Q1229556	Nedbank Namibia
Q1964162	NAMDEB Diamond Corporation (Pty) Ltd.
Q1967545	National Petroleum Corporation of Namibia
Q6804230	MeatCo Namibia
Q15812565	Gondwana Collection Namibia
Q16801735	Woermann & Brock
Q16835125	Development Bank of Namibia
Q18636389	Mshasho Clothing
Q19875944	National Theatre of Namibia
Q28402279	Letshego Bank Namibia
Q31837617	August 26 Holding
Q57393118	Frans Indongo Group
Q30263086	Potentia (Namibia)
Q7079299	Office of Radio and Television of Niger
Q2387986	Compagnie minière d'Akouta
Q3488158	Société des Mines de l'Aïr
Q3488552	Sociéte Nigérienne de Transports de Voyageurs
Q3488556	Société nigérienne des télécommunications
Q3149160	Imouraren SA
Q3488159	Société des Mines d’Azelik
Q3488241	Société du Patrimoine des Mines du Niger
Q3488550	Société nigérienne de banque
Q3488551	Société nigérienne d'électricité
Q3488553	Société nigérienne des produits pétroliers
Q28499070	Niger Telecoms
Q2990230	Compagnie Nationale de Transport des Produits Stratégiques
Q2364874	Société des mines du Liptako
Q2860863	Areva NC Niger
Q3488008	Société de raffinage de Zinder
Q3488525	Société nationale des charbons de l’Azawak
Q3488537	Société Nationale des Transports Nigériens
Q26720709	Banque Islamique du Niger
Q26720454	Banque Internationale pour l'Afrique au Niger
Q26720711	Crédit du Niger
Q1121236	Mozambique Company
Q1504751	Mozal
Q5172836	Correios de Moçambique
Q7696106	Telecomunicações de Moçambique
Q30261820	Grupo João Ferreira dos Santos (Mozambique)
Q1671299	Nigerian National Petroleum Corporation
Q5978240	Zenith Bank
Q3013553	Dangote Group
Q17061030	Jumia
Q1334063	Nigerian Railway Corporation
Q19277734	Defence Industries Corporation of Nigeria
Q4045343	Nigerian Postal Service
Q579747	Guaranty Trust Bank
Q5446777	Fidelity Bank Nigeria
Q7074355	Oando
Q1288487	Intercontinental Bank
Q4672420	Access Bank Group
Q28448709	Jumia Travel
Q6124318	Jaiz Bank
Q6309678	Julius Berger Nigeria
Q16250501	Nigeria Sovereign Investment Authority
Q5570033	Globacom
Q7885401	Union Bank of Nigeria
Q11108502	Nigerian Breweries
Q17109229	Nigerian National Shipping Line
Q25245509	Aiteo
Q5452739	First City Monument Bank
Q17109300	Ro-Marong Nigeria
Q28453128	Kilimanjaro
Q30593738	SystemSpecs
Q39059538	Jiji.ng
Q18343754	Port Harcourt Refining Company
Q5440005	Federal Airports Authority of Nigeria
Q7906691	VConnect
Q16994973	Intafact Beverages Limited
Q4670551	Abuja Investments Company
Q4942500	Bonny Gas Transport
Q5710286	Helpline Telecoms Nigeria Limited
Q6954392	Nigerian Telecommunications
Q7076201	Oceanic Bank
Q7893758	Unity Bank
Q19599521	Phase 3 Telecom
Q19604475	Nigerian Export-Import Bank
Q4855959	Bank PHB
Q5216192	Dangote Cement
Q5333156	Ecobank Nigeria
Q5449304	FinBank
Q5570298	Global Fleet Group
Q6239709	John Holt plc
Q6349322	Kakawa Discount House Limited
Q6736772	Mainstreet Bank Limited
Q7611369	Sterling Bank
Q7683795	Tantalizers
Q7687722	Tastee Fried Chicken
Q7834708	Transnational Corporation of Nigeria
Q16249820	GTB Asset Management Limited
Q16733666	Industrial and General Insurance Company
Q16734253	Wema Bank
Q18201927	TvNolly
Q18636309	Stanbic IBTC Holdings
Q19903351	Interswitch
Q19903436	Mainframe Films and Television Productions
Q19903621	Ruff 'n' Tumble
Q23020249	Chi Limited
Q25045602	Transcorp Hotels Plc
Q25047472	Benfruit Plant
Q28404620	Leadway
Q28407730	Africa Re
Q4855960	Bank PHB Group
Q6398444	Keystone Bank Limited
Q17076216	Forte Oil PLC
Q5750321	HiTV
Q28403118	Rivers State Bureau on Public Procurement
Q30261635	Adamore (Nigeria)
Q30261996	Nobex Technology (Nigeria)
Q30268235	Solina Group (Nigeria)
Q95632521	NairaBET
Q492316	Uganda Securities Exchange
Q25226889	Kiira Motors Corporation
Q7826692	Tororo Cement Limited
Q28129219	ALTX East Africa Exchange
Q5017765	Cairo International Bank
Q5204904	DFCU Group
Q5327655	East African Development Bank
Q5425825	FINCA Uganda Limited
Q7102281	Orient Bank
Q16991766	K2 Telecom
Q19903473	MOGAS Group
Q15224125	Hima Cement Limited
Q17108338	Moroto Cement Limited
Q17512678	Bujagali Energy Limited
Q24958518	GM Sugar Uganda Limited
Q18386110	Sugar & Allied Industries Limited
Q25226967	Amuru Sugar Works Limited
Q18162062	Nile Breweries Limited
Q18353667	Entebbe Handling Services
Q24908597	Atiak Sugar Factory
Q24908258	Kampala Cement Company Limited
Q18635287	Mayuge Sugar Industries Limited
Q5122454	Citibank Uganda
Q16967180	West Nile Rural Electrification Company
Q24915341	Kamuli Sugar Limited
Q25103814	Movit
Q25999189	Airtel Uganda
Q28401848	Buganda Investments and Commercial Undertakings Limited
Q28402637	Savannah MOON
Q97781970	Visit Africa
Q4830765	Aya Group
Q4836227	BOSCO-Uganda
Q4856128	Bank of India (Uganda)
Q5270937	Diamond Trust Bank (Uganda) Limited
Q5333154	Ecobank Uganda
Q5384668	Equity Bank Uganda
Q5570701	Global Trust Bank
Q6006634	Imperial Hotels Group
Q6051972	International Medical Group
Q6933682	Mukwano Group
Q6973428	National Housing and Construction Company
Q6973781	National Insurance Corporation
Q6979352	National Water and Sewerage Corporation
Q7036952	Nile Bank Limited
Q7098598	Opportunity Uganda Limited
Q7242787	Pride Microfinance Limited
Q7380213	Ruparelia Group
Q7598001	Stanbic Bank (Uganda) Limited
Q7845759	Tropical Bank
Q7864601	UGAFODE Microfinance Limited
Q7881483	Umeme
Q16950198	SmileTelecom
Q16958718	Uganda Telecom
Q17081556	Smart Telecom
Q17108413	Uganda Investment Authority
Q17510439	Alam Group
Q17514381	Capital Shoppers
Q18354418	Exodus Savings and Credit Cooperative Society Limited
Q18356039	Uganda Electricity Generation Company Limited
Q18388006	Petroleum Authority of Uganda
Q18389856	Quality Supermarkets
Q24236270	SMART East Africa
Q5059068	Centenary Bank
Q6349476	Kakira Sugar Works
Q6727579	Madhvani Group
Q7268724	Quality Chemical Industries Limited
Q7366148	Roofings Limited
Q7634782	Sugar Corporation of Uganda Limited
Q7877588	Uganda Clays Limited
Q16966926	Wazalendo Savings and Credit Cooperative Society
Q17108382	Quality Chemicals Limited
Q28402183	Letshego Microfinance Uganda
Q30259215	ZOA (Uganda)
Q30261813	Grow More Seeds and Chemicals (Uganda)
Q30262065	Pearl Seeds (Uganda)
Q30262072	Ssemwanga (Uganda)
Q30262110	Victoria Seeds (Uganda)
Q30271730	MTN (Uganda)
Q91614104	Nymy Media
Q96035997	PM Music Publishing Ltd
Q7834566	Translink (U) Ltd
Q4856141	Bank of Kigali
Q7383727	Rwanda Stock Exchange
Q4956057	Bralirwa
Q7573629	Spark MicroGrants
Q5155353	Compagnie Générale de Banque
Q7383759	Rwandatel
Q7884544	Unguka Bank
Q4672423	Access Bank Rwanda
Q4691415	Agaseke Bank
Q4857070	Banque Populaire du Rwanda
Q4857072	Banque Populaire du Rwanda SA
Q5152472	Commercial Bank of Rwanda
Q7383726	Rwanda Over The Counter Exchange
Q7703201	Terracom
Q7901601	Urwego Opportunity Bank
Q8071761	Zigama Credit and Savings Bank
Q16845033	Housing Bank of Rwanda
Q17509354	AB Bank Rwanda
Q17511822	Crane Bank Rwanda
Q28447559	Phoenix Metal
Q30288638	Pax Press (Rwanda)
Q71122542	Mara Phone
Q5376902	Energy Bank
Q51095588	Banco Nacional Ultramarino, São Tomé and Príncipe
Q2826689	PanaPress
Q3490246	Sonatel
Q16885698	La Poste Senegal
Q532104	Bank of West Africa
Q1334144	Elton Oil Company
Q3356009	African Press Organization
Q37873776	Dakar Dem Dikk
Q30261995	Energy Services in Sahelian Environment (Senegal)
Q19892740	Huobi
Q17183228	Sierra Leone Brewery Limited
Q384129	African Minerals
Q6426263	Koidu Holdings
Q7886359	Union Trust Bank
Q17110336	Rokel Commercial Bank
Q2299534	Central Bank of Somalia
Q3626533	Telcom
Q7280816	Radio Garowe
Q12288204	Netco
Q5903865	Hormuud Telecom
Q7559123	Somafone
Q18351794	International Bank of Somalia
Q16827948	Bosaso Tannery
Q18347946	Hafun Fishing Company
Q3661943	Cassa per la circolazione monetaria della Somalia
Q3931794	Regia azienda monopolio banane
Q5580780	Golis Telecom Somalia
Q7559148	Somali Petroleum Company
Q16919520	National Union of Somali Journalists
Q16919721	Somali Energy Company
Q17059134	First Somali Bank
Q17070517	Somali Chamber of Commerce and Industry
Q18712354	Islamic Insurance Company
Q478823	Sudapet
Q3314193	Military Industry Corporation
Q1544431	Greater Nile Petroleum Operating Company
Q2363022	Sudatel
Q4704794	Al Shamal Islamic Bank
Q7633308	Sudan Khartoum Refinery Company
Q7178849	PetroDar
Q16967393	White Nile Petroleum Operating Company
Q19604321	Animal Resources Bank
Q4409921	Swaziland Stock Exchange
Q7654133	Swaziland Posts and Telecommunications
Q7800466	Tibiyo TakaNgwane
Q64029222	Royal Science and Technology Park
